Learning Situation,Scopes Persona,Requires Prior Topic Knowledge
Foundational Semantic Web Study,Ethan,Metadata | Knowledge Graph
Foundational Semantic Web Study,Elias,Metadata | Knowledge Graph
Identifier Practice Session,Debbie,URI | Namespace
RDF Practice Session,Courtney,Triple | Subject | Predicate | Object
RDFS Schema Practice,Cameron,Schema | Domain | Range
SPARQL Query Practice,Debbie,Query | Triple
OWL Modeling Practice,Oratius,OWL | Property | Axiom
Data Science KG Modeling Foundations,Darwin,Graph | Knowledge Graph | OWL | Ontology | Schema
Ontology Contribution Modeling Practice,Connie,Axiom | Graph | Knowledge Graph | Ontology | Schema
Ontology Contribution Modeling Practice,Oratius,Axiom | Graph | Knowledge Graph | Ontology | Schema
Ontology Contribution Modeling Practice,Cameron,Axiom | Graph | Knowledge Graph | Ontology | Schema
Executive KG Value Review,Edward,Graph | Knowledge Graph
Executive KG Value Review,Chris,Graph | Knowledge Graph
Executive KG Value Review,Ella,Graph | Knowledge Graph
Consulting KG Opportunity Review,Chris,Graph | Knowledge Graph
Collaborative KG Delivery Planning,Carla,Graph | Knowledge Graph | OWL | Ontology | Schema
Educational KG Facilitation Planning,Elias,Graph | Knowledge Graph | OWL | Ontology | Schema
Educational KG Facilitation Planning,Cameron,Graph | Knowledge Graph | OWL | Ontology | Schema
Educational KG Facilitation Planning,Ronnie,Graph | Knowledge Graph | OWL | Ontology | Schema
KG Resource Development Practice,Ronnie,Graph | Knowledge Graph | OWL | Ontology | Schema
KG Resource Development Practice,Elias,Graph | Knowledge Graph | OWL | Ontology | Schema
KG Resource Development Practice,Debbie,Graph | Knowledge Graph | OWL | Ontology | Schema
User Engagement KG Demonstration Planning,Usman,Graph | Knowledge Graph | OWL | Ontology | Schema
Secure KG Implementation Training,Stella,Graph | Knowledge Graph | OWL | Ontology | Schema
Supply Chain KG Use Case Review,Silas,Graph | Knowledge Graph
KG Research Representation Study,Kai,Knowledge Graph
Executive KG Outcome Framing,Ella,Explain
Knowledge Graph Foundations Orientation,Ethan,Metadata | Knowledge Graph
Developer Knowledge Graph Implementation Practice,Debbie,URI | Namespace | Query | Triple
Developer Knowledge Graph Implementation Practice,Carla,URI | Namespace | Query | Triple
Developer Knowledge Graph Implementation Practice,Stella,URI | Namespace | Query | Triple
Data Analysis KG Modeling Practice,Courtney,Triple | Subject | Predicate | Object
Data Analysis KG Modeling Practice,Darwin,Triple | Subject | Predicate | Object
Ontology Vocabulary Modeling Review,Oratius,OWL | Property | Axiom
KG Curriculum Design Studio,Cameron,Schema | Domain | Range
