Learner,Learning Situation,Learner Goals,Learner Preferences,Learning Challenges,Awareness Observations
Learner Alex,Foundational Semantic Web Study,Build Semantic Web Foundations,Worked Examples Preference | Immediate Feedback Preference,Limited Study Time,Metadata Awareness After Check | Ontology Awareness After Review | Knowledge Graph Initial Awareness
Learner Blair,RDF Practice Session,Interpret RDF Graph Data,Guided Practice Preference,Low Confidence With Formal Syntax | Screen Reader Requirement,RDF Triple Awareness After Quiz | Identifier Awareness After Check | RDF Serialization Current Awareness | SPARQL Awareness After Practice
Learner Casey,OWL Modeling Practice,Improve Ontology Modeling Decisions,Project Context Preference,Needs Corrective Modeling Feedback,OWL Modeling Awareness After Review | RDF RDFS Mastery Awareness | RDFS Schema Awareness After Review
Learner Ethan,Knowledge Graph Foundations Orientation,Build Knowledge Graph Foundations,Worked Examples Preference | Immediate Feedback Preference,Limited Study Time,Metadata Example Sortpoint | SHACL Constraint Validation Rubric Update | Reasoner Capability Comparison Practice Update
Learner Debbie,Developer Knowledge Graph Implementation Practice,Implement Knowledge Graph Developer Workflow,Guided Practice Preference | Tooling Example Preference,Needs Tooling Setup Support | Needs Query Practice,Ontology Component Explanation Review | SPARQL Query Pattern Construction Review | Entailment Regime Selection Scenario Update
Learner Darwin,Data Science KG Modeling Foundations,Apply Logic to Knowledge Graph Modeling,Worked Examples Preference | Immediate Feedback Preference,Limited Study Time,Knowledge Graph Structure Explanation Practice Update | Logic Operator Recognition Task Evidence | Description Logic Constraint Reasoning Checkpoint
Learner Connie,Ontology Contribution Modeling Practice,Lead Modular Ontology Modeling,Collaborative Review Preference | Documentation Example Preference,Needs Advanced Modeling Depth | Needs Collaborative Review Support,Propositional Statement Reasoning Revision State | Schema.org Vocabulary Alignment Application Snapshot | Ontology Tool Selection Task Evidence | Knowledge Graph Deployment Planning Rubric Update | Knowledge Graph Documentation Planning Practice Update | Modular Ontology Design Revision State
Learner Courtney,Data Analysis KG Modeling Practice,Model and Query Knowledge Graph Data,Guided Practice Preference | Tooling Example Preference | Collaborative Review Preference | Documentation Example Preference,Needs Advanced Modeling Depth | Needs Collaborative Review Support,Datalog Rule Interpretation Rubric Update | Open Closed World Assumption Comparison Task Evidence | Manchester Syntax Translation Revision State | Reification Modeling Scenariopoint | Triplestore Selection Rubric Update
Learner Edward,Executive KG Value Review,Evaluate Knowledge Graph Business Value,Business Outcome Preference | Concise Summary Preference,Limited Study Time | Needs Business Relevance Framing,Predicate Logic Statement Interpretation Application Snapshot | Dublin Core Metadata Mapping Taskpoint | RDF Plus Property Reasoning Task Evidence
Learner Chris,Consulting KG Opportunity Review,Assess Knowledge Graph Consulting Opportunities,Worked Examples Preference | Immediate Feedback Preference,Limited Study Time,Rule Based Inference Explanation Review | Observation Ontology Modeling Review | Open Graph Metadata Mapping Revision State
Learner Carla,Collaborative KG Delivery Planning,Coordinate Collaborative KG Delivery,Collaborative Review Preference | Documentation Example Preference,Limited Study Time,Identifier Pattern Recognition Scenario Update | Provenance Relationship Modeling Practice Update
Learner Oratius,Ontology Vocabulary Modeling Review,Refine Ontology Vocabulary Modeling,Worked Examples Preference | Immediate Feedback Preference,Needs Advanced Modeling Depth | Needs Collaborative Review Support,Discrete Relation Property Recognition Scenario Update | SKOS Concept Scheme Modeling Scenario Update
Learner Elias,Educational KG Facilitation Planning,Facilitate KG Learning Experiences,Scaffolded Sequence Preference | Worked Examples Preference,Needs Documentation Examples,RDF Graph Interpretation Revision State | Protege Ontology Editing Revision State
Learner Cameron,KG Curriculum Design Studio,Design KG Curriculum Sequence,Guided Practice Preference | Tooling Example Preference | Scaffolded Sequence Preference | Worked Examples Preference,Needs Tooling Setup Support | Needs Query Practice | Needs Documentation Examples,Set Relationship Reasoning Practice Update | Knowledge Engineering Workflow Planning Application Snapshot
Learner Ronnie,KG Resource Development Practice,Develop KG Learning Resources,Guided Practice Preference | Tooling Example Preference,Needs Tooling Setup Support | Needs Query Practice,RDFS Vocabulary Reasoning Rubric Update | GraphQL Query Mapping Review
Learner Usman,User Engagement KG Demonstration Planning,Demonstrate KG Tool Value to Users,Worked Examples Preference | Immediate Feedback Preference,Limited Study Time,RDF Serialization Format Comparison Application Snapshot | Knowledge Graph Visualization Tool Selection Scenario Update
Learner Stella,Secure KG Implementation Training,Train Secure KG Implementation,Guided Practice Preference | Tooling Example Preference,Needs Tooling Setup Support | Needs Query Practice,RDF Star Annotation Exercisepoint | Upper Ontology Alignment Task Evidence
Learner Silas,Supply Chain KG Use Case Review,Evaluate Supply Chain KG Use Cases,Worked Examples Preference | Immediate Feedback Preference,Limited Study Time,SWRL Rule Inference Explanation Practice Update | Semantic Web History Explanation Application Snapshot
Learner Kai,KG Research Representation Study,Compare KG Research Representations,Worked Examples Preference | Immediate Feedback Preference,Limited Study Time,OWL Modeling Constraint Analysis Scenario Update | Property Graph Comparison Checkpoint
Learner Ella,Executive KG Outcome Framing,Frame KG Outcomes for Executives,Business Outcome Preference | Concise Summary Preference,Limited Study Time | Needs Business Relevance Framing,OWL Dialect Selection Task Evidence | Nanopublication Claim Modeling Review
Learner Morgan,Developer Knowledge Graph Implementation Practice,Implement Knowledge Graph Developer Workflow,Guided Practice Preference | Tooling Example Preference,Needs Tooling Setup Support | Needs Query Practice,SPARQL Query Pattern Readiness Observation
Learner Morgan,Ontology Contribution Modeling Practice,Lead Modular Ontology Modeling,Collaborative Review Preference | Documentation Example Preference,Needs Collaborative Review Support | Needs Advanced Modeling Depth,Modular Ontology Contribution Planning Awareness
Learner Morgan,Executive KG Value Review,Evaluate Knowledge Graph Business Value,Business Outcome Preference | Concise Summary Preference,Needs Business Relevance Framing,Executive KG Value Framing Awareness
Learner Riley,Foundational Semantic Web Study,Build Semantic Web Foundations,Worked Examples Preference | Immediate Feedback Preference,Limited Study Time,Semantic Web Foundation Baseline Awareness
Learner Riley,Educational KG Facilitation Planning,Facilitate KG Learning Experiences,Scaffolded Sequence Preference | Worked Examples Preference,Needs Documentation Examples,KG Facilitation Planning Awareness
Learner Riley,KG Resource Development Practice,Develop KG Learning Resources,Tooling Example Preference | Documentation Example Preference,Needs Query Practice | Needs Documentation Examples,KG Resource Development Awareness
