Learning Strategy,Learning Situation,Learning Strategy Description,Learning Objectives,Pedagogical Techniques
Semantic Web Foundations Strategy,Foundational Semantic Web Study,Use prior-knowledge activation visual representation and retrieval checks so foundational Semantic Web terms become reusable vocabulary.,Recall core metadata terminology | Explain what an ontology represents | Describe the purpose of a knowledge graph,Retrieval Practice | Advance Organizer | Concept Mapping | Dual Coding
Identifier and RDF Practice Strategy,Identifier Practice Session,Use modeled reasoning error analysis and self explanation to connect identifier decisions with RDF triple structure.,Identify URI namespace and hash or slash patterns,Think Aloud Modeling | Guided Practice | Error Analysis | Self Explanation
Identifier and RDF Practice Strategy,RDF Practice Session,Use modeled reasoning error analysis and self explanation to connect identifier decisions with RDF triple structure.,Interpret RDF triple components,Think Aloud Modeling | Guided Practice | Error Analysis | Self Explanation
Schema Reasoning Strategy,RDFS Schema Practice,Move from faded schema examples into guided reasoning and analogical comparison before learners judge serialization choices.,Apply RDFS domain and range constraints,Faded Worked Example | Guided Practice | Analogical Comparison | Rubric Based Review
Schema Reasoning Strategy,RDF Practice Session,Move from faded schema examples into guided reasoning and analogical comparison before learners judge serialization choices.,Compare RDF serialization formats,Faded Worked Example | Guided Practice | Analogical Comparison | Rubric Based Review
Query Construction Strategy,SPARQL Query Practice,Model query construction aloud then fade support until learners can transfer the pattern to a new graph question.,Construct a basic SPARQL SELECT query,Think Aloud Modeling | Faded Worked Example | Guided Practice | Transfer Task
OWL Modeling Revision Strategy,OWL Modeling Practice,Surface modeling misconceptions with conflict cases then use error analysis and corrective support to improve OWL decisions.,Differentiate OWL data and object properties | Analyze OWL axioms in a modeling scenario | Revise an ontology model after feedback,Misconception Probe | Conceptual Conflict Prompt | Error Analysis | Corrective Mini Lesson | Rubric Based Review
OWL Modeling Revision Strategy,RDFS Schema Practice,Surface modeling misconceptions with conflict cases then use error analysis and corrective support to improve OWL decisions.,Demonstrate mastery of RDF and RDFS basics,Misconception Probe | Conceptual Conflict Prompt | Error Analysis | Corrective Mini Lesson | Rubric Based Review
Knowledge Graph Foundations Strategy,Knowledge Graph Foundations Orientation,Combine advance organizers visual representations and short retrieval checks across foundational KG terminology and tool comparisons.,Recall metadata vocabulary | Validate RDF shapes with SHACL | Compare reasoning tool capabilities,Advance Organizer | Concept Mapping | Dual Coding | Retrieval Practice
Developer KG Implementation Strategy,Developer Knowledge Graph Implementation Practice,Use expert modeling faded examples and implementation error analysis so developer practice stays close to deployable KG decisions.,Explain ontology components | Construct SPARQL query patterns | Select entailment regimes,Think Aloud Modeling | Faded Worked Example | Error Analysis | Progress Monitoring Checklist
Data Science KG Modeling Strategy,Data Science KG Modeling Foundations,Ground logic and description-logic work in data walkthroughs cases analogies and explicit reasoning explanations.,Describe knowledge graph structure | Recognize logic operators | Analyze description logic constraints,Data Walkthrough | Case Based Scenario | Analogical Comparison | Self Explanation
Ontology Contribution Strategy,Ontology Contribution Modeling Practice,Use peer critique tool comparison and artifact review so contributors can improve shared ontology modeling outputs.,Interpret propositional statements | Align Schema.org vocabulary terms | Select ontology modeling tools | Plan knowledge graph deployment | Plan knowledge graph documentation | Design modular ontology components,Peer Review Protocol | Design Critique | Tool Comparison Matrix | Portfolio Reflection
Data Analysis Modeling Strategy,Data Analysis KG Modeling Practice,Use data walkthroughs analogical comparison and error analysis to connect graph interpretation with queryable data structures.,Interpret Datalog rules | Compare open and closed world assumptions | Translate Manchester syntax axioms | Model statements with reification | Compare triplestore options,Data Walkthrough | Analogical Comparison | Error Analysis | Rubric Based Review
Executive KG Value Strategy,Executive KG Value Review,Frame technical ideas through realistic cases relevance cues and product-style review for executive decision support.,Interpret predicate logic statements | Map Dublin Core metadata fields | Explain RDF Plus property reasoning,Case Based Scenario | Relevance Framing | Public Product Review | Reflective Debrief
Consulting KG Value Strategy,Consulting KG Opportunity Review,Use client-style cases simulations and transfer tasks to connect rule reasoning observation models and metadata recommendations.,Explain rule based inference | Model observations with SOSA SSN | Map Open Graph metadata,Case Based Scenario | Simulation Exercise | Transfer Task | Relevance Framing
Collaborative KG Implementation Strategy,Collaborative KG Delivery Planning,Distribute expertise across identifiers and provenance work then synthesize annotated evidence into a shared delivery plan.,Identify identifier patterns | Model provenance relationships with PROV-O,Jigsaw Activity | Collaborative Annotation | Peer Review Protocol | Group Synthesis
Ontology Vocabulary Review Strategy,Ontology Vocabulary Modeling Review,Use misconception probes conflict cases and analogies to refine vocabulary boundaries and relation-property decisions.,Recognize discrete relation properties | Model SKOS concept schemes,Misconception Probe | Conceptual Conflict Prompt | Analogical Comparison | Concept Mapping
Educational Facilitation KG Strategy,Educational KG Facilitation Planning,Use varied representations facilitation moves and alternative demonstrations so RDF and tooling examples can be taught accessibly.,Interpret RDF graph statements | Edit ontology models in Protege,Multiple Means Representation | Instructor Facilitation Move | Alternative Demonstration | Reflective Debrief
Curriculum KG Foundations Strategy,KG Curriculum Design Studio,Turn curriculum design into a self-regulated plan with learning contracts checkpoints and deliberate strategy revision.,Apply set relationships | Plan a knowledge engineering workflow,Goal Setting Prompt | Learning Contract | Progress Monitoring Checklist | Strategy Revision Plan
Resource Development KG Strategy,KG Resource Development Practice,Move from faded examples into guided resource production and public review of reusable KG learning artifacts.,Apply RDFS vocabulary reasoning | Map GraphQL query needs,Faded Worked Example | Guided Practice | Transfer Task | Public Product Review
User Engagement Demonstration Strategy,User Engagement KG Demonstration Planning,Use UDL-oriented representation choice accessibility checks and public product review for user-facing KG demonstrations.,Compare RDF serialization choices | Select KG visualization tools,Multiple Means Representation | Choice Board | Accessibility Checkpoint | Public Product Review
Secure KG Training Strategy,Secure KG Implementation Training,Model secure KG decisions aloud then use implementation error analysis and transfer checks for unfamiliar statement-annotation cases.,Explain RDF star statement annotations | Align models with upper ontology concepts,Think Aloud Modeling | Error Analysis | Transfer Task | Accessibility Checkpoint
Supply Chain KG Value Strategy,Supply Chain KG Use Case Review,Use supply-chain cases data walkthroughs and public product review to relate interoperability and traceability to KG value.,Explain SWRL rule inferences | Explain Semantic Web evolution,Case Based Scenario | Project Brief | Data Walkthrough | Public Product Review
KG Research Comparison Strategy,KG Research Representation Study,Structure research comparison through debate collaborative annotation analogical comparison and explicit self explanation.,Analyze OWL modeling constraints | Compare property graph representations,Debate Protocol | Collaborative Annotation | Analogical Comparison | Self Explanation
Executive Engagement KG Strategy,Executive KG Outcome Framing,Use relevance framing case-based reasoning and portfolio-style review to translate representation tradeoffs into outcomes.,Compare OWL dialect tradeoffs | Model nanopublication claims,Relevance Framing | Case Based Scenario | Portfolio Reflection | Public Product Review
